{"val_loss": 0.7304084897041321, "_timestamp": 1675729037.8310921, "_runtime": 5.794304132461548, "_step": 0, "_wandb": {"runtime": 24}}