{"val_loss": 0.6931650638580322, "_timestamp": 1675388764.1232047, "_runtime": 115.98753762245178, "_step": 2381, "learning_rate": 0.01, "_wandb": {"runtime": 116}}