{"val_loss": 0.6749791502952576, "_timestamp": 1675724811.1075056, "_runtime": 50467.020894527435, "_step": 24, "train_loss": 0.6760464906692505, "learning_rate": 0.0005270617127781042, "_wandb": {"runtime": 53874}}