{"val_loss": 0.6744182705879211, "_timestamp": 1675657016.051111, "_runtime": 16378.555456876755, "_step": 4, "train_loss": 0.6756149530410767, "learning_rate": 0.00019980746418436736, "_wandb": {"runtime": 16425}}