{"val_loss": 0.6754729151725769, "_timestamp": 1675640059.273265, "_runtime": 226180.9922568798, "_step": 254, "train_loss": 0.6747097969055176, "learning_rate": 3.763932022500151e-05, "_wandb": {"runtime": 226629}}