{"val_loss": 0.6701159477233887, "_timestamp": 1675673633.5246458, "_runtime": 5.625208854675293, "_step": 0, "_wandb": {"runtime": 694}}