{"val_loss": 0.6931489109992981, "_timestamp": 1675729083.4781218, "_runtime": 6.199278831481934, "_step": 0, "_wandb": {"runtime": 39}}