{"val_loss": 0.693164587020874, "_timestamp": 1675388589.1261015, "_runtime": 524.8063523769379, "_step": 3464, "learning_rate": [0.01], "_wandb": {"runtime": 563}}