{"val_loss": 0.6776017546653748, "_timestamp": 1675749983.572718, "_runtime": 2053.011750936508, "_step": 24, "train_loss": 0.6722671389579773, "learning_rate": 6.890576474687266e-05, "_wandb": {"runtime": 2065}}