{"val_loss": 0.6778914332389832, "_timestamp": 1675741970.978467, "_runtime": 669.1271638870239, "_step": 4, "train_loss": 0.6783642768859863, "learning_rate": 0.0005270617127781042, "_wandb": {"runtime": 707}}