{"val_loss": 0.6753745079040527, "_timestamp": 1675670133.2385426, "_runtime": 8711.92698764801, "_step": 4, "train_loss": 0.6751010417938232, "learning_rate": 0.00019980746418436736, "_wandb": {"runtime": 12158}}