{"val_loss": 0.6751644015312195, "_timestamp": 1675746547.241013, "_runtime": 4514.342357158661, "_step": 60, "train_loss": 0.6754791140556335, "learning_rate": 0.0005000000000000009, "_wandb": {"runtime": 4594}}