{"val_loss": 40.84940719604492, "_timestamp": 1675391143.9604661, "_runtime": 2327.7391650676727, "_step": 2, "train_loss": 40.549171447753906, "learning_rate": 0.009757485038242487, "_wandb": {"runtime": 3013}}