{"val_loss": 0.6768746376037598, "_timestamp": 1675747792.0448363, "_runtime": 1105.5394203662872, "_step": 12, "train_loss": 0.6778814792633057, "learning_rate": 1.8594235253127368e-05, "_wandb": {"runtime": 1108}}