{"val_loss": 0.6755149364471436, "_timestamp": 1675739015.236396, "_runtime": 5786.722141027451, "_step": 14, "train_loss": 0.6752229928970337, "learning_rate": 0.00028293828722189573, "_wandb": {"runtime": 6427}}