{"val_loss": 0.6708425283432007, "_timestamp": 1675757717.583944, "_runtime": 2901.538509130478, "_step": 32, "train_loss": 0.6735691428184509, "learning_rate": 9.44338006019739e-05, "_wandb": {"runtime": 2935}}