{"val_loss": 0.6710101366043091, "_timestamp": 1675729158.197245, "_runtime": 5.665270805358887, "_step": 0, "_wandb": {"runtime": 4044}}