{"val_loss": 0.6733369827270508, "_timestamp": 1675815783.8707988, "_runtime": 57147.97991371155, "_step": 120, "train_loss": 0.6754935383796692, "learning_rate": 4.109423525312743e-05, "_wandb": {"runtime": 57459}}