{"val_loss": 0.6953884363174438, "_timestamp": 1675739812.055581, "_runtime": 10.9009370803833, "_step": 0, "_wandb": {"runtime": 14}}