{"val_loss": 59.36268997192383, "_timestamp": 1675396350.9439917, "_runtime": 4458.251447677612, "_step": 4, "train_loss": 59.61259841918945, "learning_rate": 0.0009131027324406011, "_wandb": {"runtime": 5045}}