{"val_loss": 0.6742690205574036, "_timestamp": 1675412939.4637556, "_runtime": 15914.369018554688, "_step": 16, "train_loss": 0.6764960885047913, "learning_rate": 9.095491502812527e-05, "_wandb": {"runtime": 16599}}