{"val_loss": 0.6728761196136475, "_timestamp": 1675752558.6677427, "_runtime": 2517.4051678180695, "_step": 4, "train_loss": 0.6770873665809631, "learning_rate": 9.991120277927223e-05}